{"cameraMode":{"drawMode":0,"name":"Shaded","section":"Shading Mode"},"sceneLighting":false,"audioPlay":false,"sceneViewState":{"m_AlwaysRefresh":false,"showFog":true,"showSkybox":false,"showFlares":true,"showImageEffects":true,"showParticleSystems":true,"showVisualEffectGraphs":true,"m_FxEnabled":true},"in2DMode":false,"pivot":{"x":9.075443267822266,"y":1.7036632299423218,"z":-1.7649269104003907},"rotation":{"x":-0.08418960124254227,"y":-0.02182338945567608,"z":0.0018449245253577829,"w":-0.9962124824523926},"size":0.0200632493942976,"orthographic":false}